,Uhrzeit,load,pv_infeed,diesel,battery 
day 1,00:15,6.576,0,0,6.988
,00:30,6.368,0,0,6.661
,00:45,6.224,0,0,6.446
,01:00,5.76,0,0,6.316
,01:15,4.544,0,0,5.018
,01:30,4.336,0,0,4.545
,01:45,4.304,0,0,4.496
,02:00,4.304,0,0,4.486
,02:15,4.272,0,0,4.47
,02:30,4.256,0,0,4.449
,02:45,4.208,0,0,4.419
,03:00,4.16,0,0,4.355
,03:15,4.144,0,0,4.342
,03:30,4.128,0,0,4.323
,03:45,4.112,0,0,4.304
,04:00,4.08,0,0,4.265
,04:15,4.08,0,0,4.271
,04:30,4.096,0,0,4.273
,04:45,4.112,0,0,4.29
,05:00,4.096,0,0,4.299
,05:15,4.08,0,0,4.263
,05:30,4.064,0,0,4.26
,05:45,4.064,0,0,4.245
,06:00,4.112,0,0,4.285
,06:15,4.112,0,0,4.302
,06:30,4.064,0,0,4.277
,06:45,3.984,0,0,4.19
,07:00,3.808,0,0,4.081
,07:15,3.536,0,0,3.79
,07:30,3.312,0,0,3.572
,07:45,3.12,0,0,3.373
,08:00,3.04,0,0,3.242
,08:15,2.992,0,0,3.185
,08:30,2.96,0,0,3.155
,08:45,3.04,0,0,3.183
,09:00,3.024,0,0,3.209
,09:15,3.008,0,0,3.176
,09:30,3.056,0.057,0,3.157
,09:45,3.2,0.561,0,2.964
,10:00,3.328,0.819,0,2.876
,10:15,3.392,1.332,0,2.588
,10:30,3.424,1.872,0,2.17
,10:45,3.408,2.4,0,1.685
,11:00,3.456,3.117,0,0.952
,11:15,3.504,4.103,0,-0.024
,11:30,3.568,5.114,0,-1.016
,11:45,3.632,5.458,0,-1.328
,12:00,3.904,6.529,0,-2.214
,12:15,4.048,8.058,0,-3.64
,12:30,4.764,9.81,0,-5.335
,12:45,4.656,11.243,0,-6.231
,13:00,3.924,12.422,0,-8.168
,13:15,5.164,12.798,0,-8.542
,13:30,16.252,14.439,0,-0.297
,13:45,11.064,16.179,0,-1.625
,14:00,4.288,16.713,0,-12.196
,14:15,5.9,15.21,0,-10.071
,14:30,5.168,14.423,0,-8.679
,14:45,4.548,14.857,0,-9.942
,15:00,4.56,16.238,0,-11.399
,15:15,4.752,17.276,0,-12.36
,15:30,4.768,18.06,0,-13.029
,15:45,4.736,18.102,0,-13.063
,16:00,5.168,19.238,0,-13.999
,16:15,5.232,19.483,0,-14.001
,16:30,5.584,22.038,0,-16.262
,16:45,5.68,24.149,0,-18.134
,17:00,5.168,24.017,0,-18.325
,17:15,5.328,21.927,0,-16.557
,17:30,5.44,17.333,0,-11.519
,17:45,6.608,14.858,0,-8.501
,18:00,6.176,11.848,0,-5.044
,18:15,5.472,7.41,0,-1.473
,18:30,5.984,4.999,0,1.647
,18:45,4.944,2.673,0,3.261
,19:00,5.056,1.397,0,4.169
,19:15,5.936,0.134,0,5.467
,19:30,7.868,0,0,7.252
,19:45,9.408,0,0,9.166
,20:00,9.232,0,0,9.679
,20:15,9.952,0,0,9.92
,20:30,9.6,0,0,9.76
,20:45,9.632,0,0,9.977
,21:00,9.216,0,0,9.678
,21:15,9.792,0,0,9.906
,21:30,9.856,0,0,10.128
,21:45,9.488,0,0,9.823
,22:00,9.216,0,0,9.486
,22:15,9.008,0,0,9.306
,22:30,8.736,0,0,9.132
,22:45,8.192,0,0,8.577
,23:00,7.68,0,0,8.048
,23:15,7.28,0,0,7.53
,23:30,6.944,0,0,7.313
,23:45,6.304,0,0,6.734
,00:00,5.92,0,0,6.238
day 2,00:15,5.008,0,0,5.559
,00:30,4.624,0,0,4.907
,00:45,4.576,0,0,4.734
,01:00,4.624,0,0,4.806
,01:15,4.576,0,0,4.782
,01:30,4.528,0,0,4.712
,01:45,4.448,0,0,4.658
,02:00,4.4,0,0,4.613
,02:15,4.336,0,0,4.547
,02:30,4.304,0,0,4.493
,02:45,4.272,0,0,4.459
,03:00,4.288,0,0,4.468
,03:15,4.272,0,0,4.464
,03:30,4.288,0,0,4.464
,03:45,4.24,0,0,4.446
,04:00,4.208,0,0,4.401
,04:15,4.208,0,0,4.387
,04:30,4.192,0,0,4.376
,04:45,4.176,0,0,4.357
,05:00,4.176,0,0,4.357
,05:15,4.176,0,0,4.367
,05:30,4.112,0,0,4.318
,05:45,4.112,0,0,4.29
,06:00,4.112,0,0,4.289
,06:15,4.24,0,0,4.359
,06:30,4.32,0,0,4.511
,06:45,4.128,0,0,4.446
,07:00,4.16,0,0,4.024
,07:15,4.496,0.117,0,4.761
,07:30,3.248,1.88,0,2.348
,07:45,3.168,3.973,0,-0.167
,08:00,3.136,7.91,0,-4.329
,08:15,3.024,10.126,0,-6.644
,08:30,3.056,10.692,0,-7.251
,08:45,2.928,13.133,0,-9.812
,09:00,4.476,19.746,0,-16.493
,09:15,3.892,21.493,0,-17.994
,09:30,3.124,25.232,0,-21.093
,09:45,6.016,27.13,0,-21.952
,10:00,3.312,31.702,0,-27.135
,10:15,9.708,33.258,0,-24.599
,10:30,7.112,35.35,0,-29.696
,10:45,6.024,37.146,0,-29.235
,11:00,3.46,41.941,0,-38.034
,11:15,3.264,43.273,0,-39.508
,11:30,3.568,44.699,0,-40.814
,11:45,9.016,46.034,0,-38.889
,12:00,7.124,46.739,0,-38.191
,12:15,4.992,38.485,0,-32.071
,12:30,5.104,48.719,0,-43.195
,12:45,4.464,48.109,0,-42.926
,13:00,5.548,43.433,0,-38.238
,13:15,4.932,33.311,0,-27.594
,13:30,4.304,22.934,0,-18.5
,13:45,4.304,16.172,0,-11.603
,14:00,4.208,12.995,0,-8.567
,14:15,4.096,10.849,0,-6.473
,14:30,4.224,8.105,0,-3.708
,14:45,4.448,5.85,0,-1.084
,15:00,4.304,5.642,0,-1.065
,15:15,4.928,6.149,0,-1.044
,15:30,4.912,6.316,0,-1.003
,15:45,4.832,6.177,0,-0.957
,16:00,4.848,6.161,0,-0.957
,16:15,5.456,6.833,0,-0.93
,16:30,5.152,6.407,0,-0.905
,16:45,4.928,6.304,0,-0.894
,17:00,4.784,6.118,0,-0.88
,17:15,4.848,6.09,0,-0.855
,17:30,4.832,6.026,0,-0.854
,17:45,4.8,5.996,0,-0.834
,18:00,4.592,6.098,0,-1.04
,18:15,4.592,5.805,0,-0.791
,18:30,4.768,5.004,0,0.21
,18:45,5.072,3.468,0,2.103
,19:00,8.668,1.693,0,6.405
,19:15,6.996,0.341,0,7.924
,19:30,7.216,0,0,6.758
,19:45,9.568,0,0,9.834
,20:00,14.576,0,0,14.629
,20:15,10.48,0,0,10.561
,20:30,10.08,0,0,10.165
,20:45,10.256,0,0,10.461
,21:00,10.704,0,0,10.449
,21:15,11.168,0,0,11.705
,21:30,11.04,0,0,11.285
,21:45,9.904,0,0,10.734
,22:00,9.552,0,0,9.724
,22:15,9.6,0,0,9.824
,22:30,9.232,0,0,9.602
,22:45,8.512,0,0,9.108
,23:00,7.872,0,0,8.111
,23:15,7.936,0,0,8.16
,23:30,7.328,0,0,7.757
,23:45,6.96,0,0,7.222
,00:00,6.768,0,0,7.056
day 3,00:15,6.304,0,0,6.657
,00:30,6.192,0,0,6.416
,00:45,5.504,0,0,6.184
,01:00,4.672,0,0,4.96
,01:15,4.528,0,0,4.761
,01:30,4.448,0,0,4.659
,01:45,4.4,0,0,4.587
,02:00,4.352,0,0,4.571
,02:15,4.352,0,0,4.526
,02:30,4.272,0,0,4.493
,02:45,4.288,0,0,4.464
,03:00,4.256,0,0,4.465
,03:15,4.224,0,0,4.428
,03:30,4.208,0,0,4.393
,03:45,4.176,0,0,4.371
,04:00,4.192,0,0,4.373
,04:15,4.192,0,0,4.374
,04:30,4.176,0,0,4.374
,04:45,4.176,0,0,4.362
,05:00,4.192,0,0,4.37
,05:15,4.224,0,0,4.409
,05:30,4.176,0,0,4.386
,05:45,4.192,0,0,4.368
,06:00,4.176,0,0,4.365
,06:15,4.176,0,0,4.358
,06:30,4.192,0,0,4.378
,06:45,4.4,0,0,4.353
,07:00,4.96,0,0,5.266
,07:15,4.592,0,0,4.843
,07:30,3.408,0,0,4.163
,07:45,3.056,0,0,3.261
,08:00,3.088,0,0,3.243
,08:15,3.072,0,0,3.282
,08:30,3.072,0.049,0,3.18
,08:45,4.78,0.55,0,2.923
,09:00,3.124,1.373,0,2.319
,09:15,3.296,1.689,0,2.098
,09:30,3.28,2.003,0,1.967
,09:45,3.168,2.61,0,1.249
,10:00,3.104,2.253,0,1.535
,10:15,3.152,2.007,0,1.785
,10:30,3.344,2.138,0,1.746
,10:45,3.456,2.879,0,1.191
,11:00,3.552,3.344,0,0.792
,11:15,3.648,3.779,0,0.42
,11:30,3.632,5.145,0,-0.942
,11:45,3.712,8.458,0,-4.393
,12:00,3.936,10.149,0,-5.905
,12:15,3.904,13.257,0,-9.034
,12:30,4.832,13.932,0,-8.911
,12:45,4.208,23.053,0,-18.655
,13:00,7.536,14.256,0,-6.638
,13:15,5.136,12.726,0,-7.499
,13:30,4.88,19.325,0,-14.104
,13:45,5.788,19.456,0,-14.364
,14:00,8.16,12.718,0,-4.132
,14:15,4.884,9.304,0,-3.331
,14:30,6.608,8.41,0,-0.509
,14:45,6.32,9.402,0,-2.628
,15:00,6.3,8.548,0,-3.196
,15:15,5.972,8.327,0,-0.991
,15:30,8.216,9.467,0,-2.861
,15:45,6.056,10.627,0,-2.096
,16:00,7.072,10.1,0,-3.231
,16:15,5.488,8.759,0,-2.879
,16:30,5.648,9.104,0,-3.095
,16:45,5.792,10.637,0,-4.39
,17:00,5.6,7.897,0,-1.726
,17:15,5.456,5.311,0,0.921
,17:30,8.924,4.874,0,3.099
,17:45,5.652,5.275,0,1.044
,18:00,6.112,4.638,0,2.207
,18:15,5.792,3.515,0,2.738
,18:30,10.188,2.344,0,7.788
,18:45,8.352,1.724,0,7.698
,19:00,8.448,0.885,0,7.381
,19:15,8.652,0.096,0,7.299
,19:30,10.268,0,0,8.759
,19:45,13.124,0,0,14.703
,20:00,10.784,0,0,11.167
,20:15,11.804,0,0,11.263
,20:30,11.472,0,0,11.879
,20:45,11.648,0,0,11.826
,21:00,10.992,0,0,11.803
,21:15,10.752,0,0,11.373
,21:30,10.112,0,0,10.355
,21:45,9.888,0,0,10.193
,22:00,9.664,0,0,10.04
,22:15,9.12,0,0,9.461
,22:30,8.96,0,0,9.268
,22:45,8.464,0,0,8.766
,23:00,8,0,0,8.363
,23:15,7.712,0,0,8.015
,23:30,7.28,0,0,7.688
,23:45,6.88,0,0,7.192
,00:00,6.464,0,0,6.9
day 4,00:15,5.392,0,0,5.845
,00:30,5.136,0,0,5.354
,00:45,4.992,0,0,5.245
,01:00,4.896,0,0,5.096
,01:15,4.896,0,0,5.085
,01:30,4.864,0,0,5.077
,01:45,4.704,0,0,4.952
,02:00,4.576,0,0,4.781
,02:15,4.528,0,0,4.728
,02:30,4.496,0,0,4.689
,02:45,4.512,0,0,4.68
,03:00,4.576,0,0,-10.911
,03:15,4.528,0,0,-16.618
,03:30,4.464,0,0,-16.669
,03:45,4.384,0,0,-16.694
,04:00,4.384,0,0,-16.774
,04:15,4.368,0,0,-16.769
,04:30,4.336,0,0,-16.773
,04:45,4.32,0,0,-16.833
,05:00,4.352,0,0,-16.79
,05:15,4.352,0,0,-16.774
,05:30,4.368,0,0,-16.806
,05:45,4.384,0,0,-16.756
,06:00,4.448,0,0,-16.709
,06:15,4.512,0,0,-16.671
,06:30,4.48,0,0,-16.644
,06:45,4.128,0,0,-16.785
,07:00,3.552,0,0,-17.419
,07:15,3.248,0.322,0,-18.139
,07:30,3.168,1.425,0,-19.231
,07:45,3.088,3.241,0,-21.086
,08:00,3.04,6.488,0,-24.373
,08:15,3.024,10.738,0,-28.751
,08:30,3.04,14.511,0,-32.481
,08:45,4.38,18.475,0,-36.286
,09:00,3.204,22.109,0,-38.62
,09:15,3.74,25.61,0,-43.635
,09:30,4.58,27.355,0,-40.205
,09:45,5.276,33.152,0,-28.289
,10:00,4.004,35.216,0,-30.351
,10:15,3.04,35.525,0,-32.098
,10:30,2.96,26.597,0,-23.485
,10:45,3.04,18.649,0,-15.521
,11:00,3.248,13.78,0,-10.509
,11:15,6.22,11.447,0,-7.634
,11:30,3.556,12.363,0,-6.082
,11:45,3.568,8.652,0,-4.84
,12:00,4.448,7.457,0,-2.388
,12:15,3.712,4.934,0,-0.876
,12:30,4.56,5.018,0,-0.921
,12:45,5.6,7.53,0,-1.006
,13:00,6.54,6.157,0,-0.978
,13:15,4.948,7.05,0,-0.925
,13:30,5.764,7.697,0,-0.948
,13:45,5.2,6.741,0,-0.923
,14:00,4.464,5.639,0,-0.884
,14:15,4.48,5.614,0,-0.847
,14:30,4.528,5.629,0,-0.837
,14:45,4.528,5.667,0,-0.829
,15:00,4.304,5.555,0,-0.842
,15:15,4.304,5.386,0,-0.794
,15:30,4.592,5.61,0,-0.785
,15:45,4.304,5.555,0,-0.777
,16:00,7.376,7.539,0,-0.804
,16:15,4.352,6.273,0,-0.772
,16:30,4.384,5.029,0,-0.863
,16:45,4.544,5.644,0,-0.719
,17:00,4.512,5.583,0,-0.75
,17:15,4.672,5.649,0,-0.72
,17:30,5.216,5.728,0,-0.725
,17:45,5.536,7.127,0,-0.755
,18:00,4.816,5.972,0,-0.744
,18:15,4.944,4.963,0,0.634
,18:30,4.464,3.266,0,2.2
,18:45,8.528,1.834,0,8.929
,19:00,5.056,1.089,0,4.562
,19:15,5.376,0.11,0,5.239
,19:30,10.528,0,0,10.262
,19:45,7.6,0,0,7.368
,20:00,8.384,0,0,8.305
,20:15,8.976,0,0,9.111
,20:30,9.712,0,0,9.382
,20:45,10.656,0,0,10.728
,21:00,9.92,0,0,11.008
,21:15,9.68,0,0,9.917
,21:30,9.488,0,0,9.822
,21:45,9.456,0,0,9.669
,22:00,9.184,0,0,9.544
,22:15,9.008,0,0,9.21
,22:30,8.4,0,0,8.941
,22:45,8.112,0,0,8.348
,23:00,7.824,0,0,8.14
,23:15,7.504,0,0,7.737
,23:30,7.184,0,0,7.582
,23:45,6.816,0,0,7.087
,00:00,6.544,0,0,6.845
day 5,00:15,5.856,0,0,6.34
,00:30,5.376,0,0,5.731
,00:45,4.96,0,0,5.343
,01:00,4.56,0,0,4.786
,01:15,4.496,0,0,4.701
,01:30,4.464,0,0,4.658
,01:45,4.432,0,0,4.614
,02:00,4.368,0,0,4.602
,02:15,4.288,0,0,4.518
,02:30,4.128,0,0,4.346
,02:45,4.064,0,0,4.261
,03:00,4.08,0,0,4.252
,03:15,4.048,0,0,4.246
,03:30,4.064,0,0,4.24
,03:45,4.08,0,0,4.258
,04:00,4.08,0,0,4.27
,04:15,4.08,0,0,4.263
,04:30,4.064,0,0,4.255
,04:45,4.08,0,0,4.26
,05:00,4.096,0,0,4.272
,05:15,4.096,0,0,4.271
,05:30,4.128,0,0,4.319
,05:45,4.176,0,0,4.337
,06:00,4.208,0,0,4.365
,06:15,4.288,0,0,4.436
,06:30,4.448,0,0,4.597
,06:45,3.952,0,0,4.286
,07:00,3.488,0,0,3.85
,07:15,3.184,0.291,0,3.219
,07:30,3.04,2.427,0,1.298
,07:45,2.96,4.16,0,-0.557
,08:00,2.944,7.017,0,-3.573
,08:15,2.928,11.163,0,-7.847
,08:30,2.928,14.121,0,-10.882
,08:45,2.976,17.908,0,-14.713
,09:00,4.096,21.454,0,-18.02
,09:15,3.264,25.34,0,-21.025
,09:30,3.408,26.857,0,-23.282
,09:45,3.536,32.061,0,-28.28
,10:00,5.036,33.982,0,-30.148
,10:15,3.364,34.18,0,-28.982
,10:30,4.4,40.453,0,-35.836
,10:45,3.984,41.924,0,-37.622
,11:00,4.592,43.457,0,-38.888
,11:15,5.552,45.044,0,-38.583
,11:30,6.64,43.661,0,-36.621
,11:45,5.856,27.268,0,-20.675
,12:00,4.86,17.037,0,-12.368
,12:15,4.608,12.653,0,-7.308
,12:30,4.464,10.091,0,-5.363
,12:45,4.032,8.683,0,-4.49
,13:00,4.16,8.216,0,-3.73
,13:15,3.824,6.718,0,-2.432
,13:30,4.48,5.482,0,-0.659
,13:45,4.096,5.29,0,-0.714
,14:00,4.096,5.097,0,-0.753
,14:15,4.272,5.332,0,-0.781
,14:30,5.152,6.224,0,-0.789
,14:45,4.384,5.495,0,-0.759
,15:00,4.224,5.382,0,-0.771
,15:15,4.416,5.32,0,-0.754
,15:30,5.088,5.78,0,-0.764
,15:45,5.68,6.907,0,-0.797
,16:00,5.28,6.501,0,-0.774
,16:15,5.12,6.301,0,-0.765
,16:30,5.184,6.315,0,-0.759
,16:45,4.976,6.082,0,-0.753
,17:00,4.992,6.229,0,-0.767
,17:15,4.8,6.147,0,-0.754
,17:30,4.928,5.81,0,-0.724
,17:45,7.2,8.004,0,-0.619
,18:00,5.504,6.866,0,-0.442
,18:15,6.256,4.521,0,3.148
,18:30,6.444,3.466,0,3.09
,18:45,6.844,2.226,0,4.35
,19:00,7.06,0.758,0,7.519
,19:15,6.24,0.076,0,6.394
,19:30,6.736,0,0,6.916
,19:45,8.668,0,0,7.856
,20:00,8.768,0,0,8.872
,20:15,9.536,0,0,9.434
,20:30,9.616,0,0,9.89
,20:45,9.92,0,0,9.67
,21:00,10.256,0,0,10.956
,21:15,10.272,0,0,10.951
,21:30,9.28,0,0,9.55
,21:45,9.392,0,0,9.549
,22:00,9.216,0,0,9.539
,22:15,8.64,0,0,9.088
,22:30,8.304,0,0,8.642
,22:45,7.872,0,0,8.176
,23:00,7.6,0,0,7.913
,23:15,7.056,0,0,7.468
,23:30,6.72,0,0,7.009
,23:45,6.448,0,0,6.763
,00:00,6.032,0,0,6.387
day 6,00:15,5.392,0,-0.001,5.845
,00:30,5.136,0,0.001,5.354
,00:45,4.992,0,0.001,5.245
,01:00,4.896,0,0,5.096
,01:15,4.896,0,0,5.085
,01:30,4.864,0,0.001,5.077
,01:45,4.704,0,0,4.952
,02:00,4.576,0,0.001,4.781
,02:15,4.528,0,0,4.728
,02:30,4.496,0,0,4.689
,02:45,4.512,0,0,4.68
,03:00,4.576,0,20.991,-10.911
,03:15,4.528,0,21.048,-16.618
,03:30,4.464,0,21.237,-16.669
,03:45,4.384,0,20.753,-16.694
,04:00,4.384,0,20.783,-16.774
,04:15,4.368,0,20.807,-16.769
,04:30,4.336,0,20.828,-16.773
,04:45,4.32,0,20.91,-16.833
,05:00,4.352,0,20.71,-16.79
,05:15,4.352,0,20.785,-16.774
,05:30,4.368,0,21.041,-16.806
,05:45,4.384,0,21.06,-16.756
,06:00,4.448,0,20.836,-16.709
,06:15,4.512,0,20.981,-16.671
,06:30,4.48,0,20.807,-16.644
,06:45,4.128,0,20.814,-16.785
,07:00,3.552,0,21.044,-17.419
,07:15,3.248,0.322,20.979,-18.139
,07:30,3.168,1.425,21.008,-19.231
,07:45,3.088,3.241,20.932,-21.086
,08:00,3.04,6.488,20.764,-24.373
,08:15,3.024,10.738,21.016,-28.751
,08:30,3.04,14.511,20.912,-32.481
,08:45,4.38,18.475,21.013,-36.286
,09:00,3.204,22.109,20.588,-38.62
,09:15,3.74,25.61,20.553,-43.635
,09:30,4.58,27.355,14.063,-40.205
,09:45,5.276,33.152,-0.044,-28.289
,10:00,4.004,35.216,-0.001,-30.351
,10:15,3.04,35.525,-0.001,-32.098
,10:30,2.96,26.597,-0.001,-23.485
,10:45,3.04,18.649,0,-15.521
,11:00,3.248,13.78,0.003,-10.509
,11:15,6.22,11.447,0.003,-7.634
,11:30,3.556,12.363,0.003,-6.082
,11:45,3.568,8.652,0.003,-4.84
,12:00,4.448,7.457,0.003,-2.388
,12:15,3.712,4.934,0.003,-0.876
,12:30,4.56,5.018,0.003,-0.921
,12:45,5.6,7.53,0.003,-1.006
,13:00,6.54,6.157,0.003,-0.978
,13:15,4.948,7.05,0.003,-0.925
,13:30,5.764,7.697,0.003,-0.948
,13:45,5.2,6.741,0.003,-0.923
,14:00,4.464,5.639,0.003,-0.884
,14:15,4.48,5.614,0.003,-0.847
,14:30,4.528,5.629,0.003,-0.837
,14:45,4.528,5.667,0.003,-0.829
,15:00,4.304,5.555,0.002,-0.842
,15:15,4.304,5.386,0.002,-0.794
,15:30,4.592,5.61,0.002,-0.785
,15:45,4.304,5.555,0.002,-0.777
,16:00,7.376,7.539,0.002,-0.804
,16:15,4.352,6.273,0.003,-0.772
,16:30,4.384,5.029,1.798,-0.863
,16:45,4.544,5.644,-0.041,-0.719
,17:00,4.512,5.583,-0.01,-0.75
,17:15,4.672,5.649,0.002,-0.72
,17:30,5.216,5.728,0.003,-0.725
,17:45,5.536,7.127,0.001,-0.755
,18:00,4.816,5.972,0,-0.744
,18:15,4.944,4.963,0.002,0.634
,18:30,4.464,3.266,0,2.2
,18:45,8.528,1.834,0.001,8.929
,19:00,5.056,1.089,0.001,4.562
,19:15,5.376,0.11,0.001,5.239
,19:30,10.528,0,0.001,10.262
,19:45,7.6,0,0.001,7.368
,20:00,8.384,0,0.001,8.305
,20:15,8.976,0,0.001,9.111
,20:30,9.712,0,0.001,9.382
,20:45,10.656,0,0.001,10.728
,21:00,9.92,0,0.001,11.008
,21:15,9.68,0,0.001,9.917
,21:30,9.488,0,0.001,9.822
,21:45,9.456,0,0.001,9.669
,22:00,9.184,0,0.001,9.544
,22:15,9.008,0,0.001,9.21
,22:30,8.4,0,0.001,8.941
,22:45,8.112,0,0.001,8.348
,23:00,7.824,0,0.001,8.14
,23:15,7.504,0,0.001,7.737
,23:30,7.184,0,0.001,7.582
,23:45,6.816,0,0.001,7.087
,00:00,6.544,0,0.001,6.845
day 7,00:15,5.328,0,0.001,5.857
,00:30,5.12,0,0.001,5.364
,00:45,4.784,0,-0.001,5.032
,01:00,4.608,0,0.001,4.846
,01:15,4.512,0,0.001,4.746
,01:30,4.4,0,0.001,4.614
,01:45,4.384,0,0,4.572
,02:00,4.352,0,0.001,4.554
,02:15,4.32,0,0.001,4.524
,02:30,4.288,0,0.001,4.482
,02:45,4.272,0,0.001,4.468
,03:00,4.224,0,0.001,4.416
,03:15,4.176,0,0,4.388
,03:30,4.176,0,0.001,4.354
,03:45,4.192,0,0.001,4.375
,04:00,4.176,0,0.001,4.374
,04:15,4.16,0,0.001,4.361
,04:30,4.176,0,0.001,4.355
,04:45,4.16,0,0,4.359
,05:00,4.16,0,0.001,4.359
,05:15,4.08,0,0.001,4.28
,05:30,4.016,0,0.001,4.23
,05:45,4.08,0,0.001,4.239
,06:00,5.248,0,0.001,5.291
,06:15,5.376,0,0.001,5.545
,06:30,5.36,0,0.001,5.583
,06:45,4.976,0,0.001,5.361
,07:00,3.44,0,0.001,4.15
,07:15,3.168,0.317,0.001,3.189
,07:30,3.152,1.751,0.001,2.003
,07:45,4.476,3.591,0,0.168
,08:00,3.156,5.173,0.001,-0.144
,08:15,3.088,5.332,0,-1.641
,08:30,17.504,5.194,0.001,6.683
,08:45,6.4,10.551,0,-1.125
,09:00,3.136,18.694,0,-15.31
,09:15,3.072,20.157,0,-16.803
,09:30,3.2,19.538,0,-16.144
,09:45,3.36,9.729,0,-6.004
,10:00,3.328,16.109,7.3,-12.465
,10:15,4.08,15.153,20.975,-31.119
,10:30,4.192,13.79,21.231,-30.356
,10:45,3.584,9.887,20.954,-27.42
,11:00,4.208,6.481,20.912,-23.242
,11:15,3.696,8.095,20.873,-25.364
,11:30,4.428,13.078,20.804,-30.385
,11:45,4.336,17.259,6.843,-21.959
,12:00,4.176,23.844,0,-19.367
,12:15,4.32,35.265,-0.001,-30.677
,12:30,4.912,29.272,0,-24.615
,12:45,5.248,41.002,-0.002,-34.885
,13:00,6.048,40.942,-0.002,-34.729
,13:15,4.864,25.829,-0.001,-20.684
,13:30,5.756,15.861,0.001,-10.707
,13:45,5.664,12.537,0.002,-6.525
,14:00,6.308,12.206,0.003,-4.783
,14:15,5.392,8.271,0.002,-2.854
,14:30,7.424,10.504,0.002,-3.458
,14:45,6.052,9.102,0.003,-2.123
,15:00,4.656,6.103,0.003,-1.068
,15:15,5.168,5.959,0.003,-1.064
,15:30,4.96,6.576,0.003,-1.082
,15:45,4.528,5.933,0.003,-1.076
,16:00,4.976,6.267,0.003,-1.073
,16:15,4.432,5.95,0.003,-1.037
,16:30,5.196,5.848,0.003,-1.014
,16:45,4.388,6.373,0.003,-1.022
,17:00,4.496,5.758,0.003,-1.001
,17:15,4.576,5.829,0.003,-0.963
,17:30,4.736,5.959,0.003,-0.942
,17:45,4.736,6.07,0.003,-0.935
,18:00,4.448,5.802,0.003,-0.912
,18:15,5.404,5.389,0.002,-0.27
,18:30,6.908,3.643,0.003,2.727
,18:45,7.14,2.097,0.003,6.799
,19:00,5.024,0.695,0.003,5.103
,19:15,8.996,0.095,0.002,5.264
,19:30,7.016,0,0.003,10.079
,19:45,8.176,0,0.002,7.972
,20:00,9.216,0,0.002,9.041
,20:15,9.936,0,0,9.731
,20:30,10.24,0,0,10.648
,20:45,9.728,0,0.002,10.065
,21:00,9.872,0,0.001,9.863
,21:15,9.744,0,0.002,10.445
,21:30,10.496,0,0.003,10.466
,21:45,10.864,0,0.003,11.147
,22:00,10.304,0,0.002,10.783
,22:15,8.8,0,0.002,9.558
,22:30,8.512,0,0.002,8.781
,22:45,8.24,0,0.003,8.519
,23:00,7.808,0,0.001,8.192
,23:15,7.504,0,0.003,7.833
,23:30,6.992,0,0,7.389
,23:45,6.752,0,0.003,6.975
,00:00,6.864,0,0.002,7.01
day 8,00:15,4.288,0,0.001,4.524
,00:30,4.16,0,0.002,4.376
,00:45,4,0,0.003,4.272
,01:00,3.856,0,0.002,4.045
,01:15,3.792,0,0.003,4.007
,01:30,3.76,0,0.002,3.949
,01:45,3.728,0,0.001,3.93
,02:00,3.744,0,0,3.912
,02:15,3.712,0,0,3.908
,02:30,3.712,0,0.001,3.903
,02:45,3.712,0,0,3.893
,03:00,3.68,0,0.001,3.871
,03:15,3.664,0,0.001,3.861
,03:30,3.648,0,0,3.841
,03:45,3.632,0,0.001,3.818
,04:00,3.616,0,0,3.806
,04:15,3.616,0,0.001,3.801
,04:30,3.584,0,-0.001,3.78
,04:45,3.584,0,0.001,3.772
,05:00,3.6,0,0,3.778
,05:15,3.6,0,0,3.778
,05:30,3.616,0,0,3.797
,05:45,3.616,0,0,3.806
,06:00,3.568,0,-0.001,3.77
,06:15,3.616,0,0,3.79
,06:30,3.696,0,21.054,-15.855
,06:45,3.568,0,20.867,-17.459
,07:00,3.328,0,20.925,-17.771
,07:15,3.152,0.487,21.083,-18.44
,07:30,3.024,1.521,20.801,-19.395
,07:45,2.944,2.235,20.796,-20.177
,08:00,2.816,2.719,20.703,-20.842
,08:15,2.896,4.893,21.096,-22.951
,08:30,4.284,6.809,0,-3.37
,08:45,2.884,5.815,0,-1.006
,09:00,2.96,9.853,-0.001,-6.495
,09:15,3.184,14.503,-0.001,-11.099
,09:30,5.292,29.684,-0.001,-25.561
,09:45,5.52,17.762,0,-12.063
,10:00,4.244,17.801,0,-12
,10:15,4.304,17.714,-0.001,-12.904
,10:30,3.776,20.528,0,-16.557
,10:45,4.432,9.412,0,-4.472
,11:00,4.8,4.54,0.001,0
,11:15,3.936,5.788,0.001,-1.498
,11:30,5.468,4.631,0,0
,11:45,4.308,5.402,0,0
,12:00,4.24,7.9,0,-3.151
,12:15,4.256,10.938,0,-6.423
,12:30,5.26,16.311,-0.001,-11.444
,12:45,5.284,15.598,-0.001,-9.46
,13:00,6.06,15.849,0,-10.693
,13:15,6.24,18.706,0,-12.14
,13:30,4.372,12.809,0,-6.923
,13:45,7.548,11.374,-0.001,-6.078
,14:00,8.052,23.525,-0.001,-12.835
,14:15,4.752,20.408,0,-15.523
,14:30,4.976,9.922,0,-4.599
,14:45,5.616,6.172,0.001,-0.423
,15:00,5.136,5.922,0,0
,15:15,6.096,5.62,0,0
,15:30,5.104,9.49,0,-4.06
,15:45,6.416,12.201,0,-5.505
,16:00,5.104,9.159,0,-3.538
,16:15,4.88,10.195,0.001,-5.077
,16:30,6.704,10.696,0,-3.731
,16:45,4.896,9.115,0,-3.85
,17:00,4.752,8.505,-0.001,-3.45
,17:15,4.816,8.224,0,-3.113
,17:30,4.64,6.999,0.001,-1.965
,17:45,4.656,6.031,0.001,-1.03
,18:00,4.72,3.913,0.001,1.424
,18:15,4.88,2.018,0.001,3.476
,18:30,4.832,1.076,0,4.217
,18:45,5.088,0.654,0,4.75
,19:00,8.828,0.115,0,7.751
,19:15,7.984,0,0.001,8.171
,19:30,9.036,0,-0.001,8.038
,19:45,8.548,0,0,8.84
,20:00,9.136,0,0.001,9.116
,20:15,9.536,0,0,9.615
,20:30,9.664,0,0.001,9.937
,20:45,9.424,0,0.001,9.751
,21:00,9.296,0,0,9.532
,21:15,8.896,0,0.001,9.568
,21:30,9.184,0,0,9.404
,21:45,8.72,0,0,9.132
,22:00,8.24,0,0,8.664
,22:15,7.792,0,0.001,8.157
,22:30,7.456,0,0,7.777
,22:45,6.944,0,0.001,7.241
,23:00,6.608,0,0,6.909
,23:15,6.256,0,0,6.58
,23:30,5.936,0,0,6.293
,23:45,5.648,0,0.001,5.955
,00:00,5.36,0,0.001,5.629
day 9,00:15,4.704,0,0,5.116
,00:30,4.672,0,0,4.859
,00:45,4.544,0,-0.001,4.793
,01:00,4.432,0,0.001,4.691
,01:15,4.144,0,0,4.348
,01:30,4.128,0,0,4.324
,01:45,4.096,0,0,4.288
,02:00,3.968,0,0.001,4.191
,02:15,3.888,0,0,4.091
,02:30,3.84,0,0,4.034
,02:45,3.808,0,0,4
,03:00,3.808,0,0.001,3.986
,03:15,3.888,0,13.911,-3.093
,03:30,3.872,0,20.82,-17.234
,03:45,3.888,0,21.068,-17.271
,04:00,3.824,0,21.099,-17.214
,04:15,3.696,0,20.992,-17.413
,04:30,3.664,0,20.98,-17.424
,04:45,3.648,0,20.865,-17.478
,05:00,3.648,0,20.989,-17.507
,05:15,3.648,0,21.098,-17.477
,05:30,3.648,0,20.936,-17.477
,05:45,3.632,0,20.989,-17.48
,06:00,3.616,0,21.094,-17.548
,06:15,3.616,0,20.929,-17.476
,06:30,3.616,0,20.978,-17.578
,06:45,3.504,0,20.935,-17.624
,07:00,3.424,0,20.66,-17.65
,07:15,3.296,0,21.021,-17.823
,07:30,3.36,0,20.968,-17.805
,07:45,3.344,0,21.015,-17.763
,08:00,3.328,0.212,21.024,-18.077
,08:15,3.424,0.056,21.005,-17.756
,08:30,3.376,0,21.13,-17.791
,08:45,3.072,0.069,20.803,-18.041
,09:00,3.072,1.07,21.091,-19.049
,09:15,3.104,1.764,21.239,-19.619
,09:30,4.192,2.232,6.935,-10.265
,09:45,3.12,3.134,0.002,0.628
,10:00,3.28,3.474,0.003,0.366
,10:15,4.048,4.454,0,0.185
,10:30,3.424,3.252,0,0.793
,10:45,3.536,3.777,0.001,0.362
,11:00,3.984,4.563,0.002,-0.151
,11:15,4.128,5.982,0,-1.395
,11:30,6.032,7.916,0.001,-1.748
,11:45,14.144,9.012,0.001,5.04
,12:00,5.248,10.626,0,-4.021
,12:15,4.656,12.153,0,-7.179
,12:30,4.688,14.107,0,-9.241
,12:45,4.704,17.711,0,-12.656
,13:00,6.64,20.889,0,-14.797
,13:15,5.008,21.46,0,-15.586
,13:30,4.672,23.149,0,-18.154
,13:45,4.464,25.792,0.003,-21.109
,14:00,6.428,24.969,0,-19.038
,14:15,5.872,25.683,0,-20.023
,14:30,4.996,32.75,-0.002,-26.663
,14:45,4.848,30.071,0,-24.934
,15:00,4.928,25.736,0,-20.702
,15:15,4.624,18.374,0.002,-13.324
,15:30,4.672,17.489,0,-12.724
,15:45,4.56,11.767,0.001,-7.038
,16:00,5.744,11.269,0.003,-5.675
,16:15,5.856,10.94,0.003,-4.757
,16:30,6.528,9.696,0.003,-3.196
,16:45,8.048,9.293,0.002,-0.864
,17:00,7.416,7.004,0.002,-1.311
,17:15,6.888,9.666,0.002,-0.757
,17:30,5.424,7.1,0.003,-1.206
,17:45,6.192,6.807,0.002,-0.479
,18:00,5.392,5.833,0.003,-0.002
,18:15,6.828,3.459,0.002,2.731
,18:30,5.86,1.725,0.003,6.289
,18:45,6.108,0.761,0.003,4.856
,19:00,5.84,0.05,0.002,6.682
,19:15,7.788,0,0.002,6.442
,19:30,10.188,0,0.003,9.109
,19:45,8.26,0,0.001,9.039
,20:00,8.912,0,0.001,8.924
,20:15,8.88,0,0.001,9.077
,20:30,8.912,0,0.001,9.108
,20:45,8.976,0,0.001,9.18
,21:00,8.448,0,0.001,9.077
,21:15,8.688,0,0.001,9.138
,21:30,8.256,0,0.001,8.47
,21:45,8.4,0,0.001,8.576
,22:00,7.984,0,0.002,8.375
,22:15,7.584,0,0.003,7.958
,22:30,7.072,0,0.003,7.483
,22:45,6.608,0,0.002,6.95
,23:00,6.48,0,0.001,6.706
,23:15,6.224,0,0.001,6.53
,23:30,5.872,0,0.001,6.21
,23:45,5.456,0,0.001,5.775
,00:00,5.088,0,0.001,5.449
day 10,00:15,4.512,0,0.001,4.799
,00:30,4.256,0,0.001,4.567
,00:45,4.112,0,0.001,4.357
,01:00,4,0,0.001,4.228
,01:15,3.92,0,0.001,4.146
,01:30,3.808,0,0.001,4.06
,01:45,3.776,0,0.001,3.978
,02:00,3.744,0,0.001,3.942
,02:15,3.728,0,0.001,3.92
,02:30,3.728,0,0.001,3.912
,02:45,3.696,0,0,3.902
,03:00,3.696,0,0.001,3.885
,03:15,3.68,0,0.001,3.876
,03:30,3.712,0,7.09,3.852
,03:45,3.744,0,20.973,-14.731
,04:00,3.744,0,20.807,-17.373
,04:15,3.712,0,20.947,-17.343
,04:30,3.712,0,20.881,-17.428
,04:45,3.696,0,20.937,-17.396
,05:00,3.712,0,20.854,-17.393
,05:15,3.696,0,21.009,-17.421
,05:30,3.792,0,21.155,-17.361
,05:45,3.808,0,20.918,-17.276
,06:00,3.872,0,20.866,-17.323
,06:15,3.824,0,21.111,-17.225
,06:30,3.744,0,20.912,-17.336
,06:45,3.504,0,20.767,-17.478
,07:00,3.248,0.479,20.979,-18.13
,07:15,3.232,1.184,20.882,-18.937
,07:30,3.088,3.87,21.037,-21.644
,07:45,2.912,3.228,15.493,-19.049
,08:00,2.976,1.204,9.232,-9.333
,08:15,3.072,0.887,7.591,-5.938
,08:30,5.424,1.196,11.072,-5.101
,08:45,3.136,0.755,6.841,-4.733
,09:00,3.184,0.806,6.731,-4.498
,09:15,3.84,0.915,6.612,-4.381
,09:30,3.52,0.89,6.666,-4.201
,09:45,3.776,0.947,6.811,-4.088
,10:00,5.36,0.994,9.55,-3.942
,10:15,4.48,1.327,7.725,-3.88
,10:30,3.76,0.939,6.542,-3.826
,10:45,4,1.038,6.715,-3.826
,11:00,4.032,1.064,6.829,-3.783
,11:15,4.304,1.045,9.786,-3.74
,11:30,3.764,0.991,6.489,-3.71
,11:45,3.84,0.873,6.433,-3.675
,12:00,4.032,0.917,6.803,-3.609
,12:15,4.844,0.91,6.71,-3.57
,12:30,4.736,1.112,6.728,-3.631
,12:45,4.272,1.092,6.985,-3.731
,13:00,4.192,1.001,6.811,-3.622
,13:15,4.672,1.038,7.089,-3.654
,13:30,5.568,1.185,8.139,-3.687
,13:45,5.804,1.269,7.367,-3.713
,14:00,5.716,1.574,8.37,-3.691
,14:15,4.72,1.191,6.598,-3.55
,14:30,6.112,1.527,7.29,-3.604
,14:45,5.072,1.49,7.238,-3.591
,15:00,4.4,1.45,6.533,-3.547
,15:15,4.56,1.435,6.411,-3.535
,15:30,4.656,1.585,6.627,-3.545
,15:45,5.452,1.678,10.159,-3.56
,16:00,4.772,1.897,6.491,-3.544
,16:15,6.064,1.843,6.912,-3.533
,16:30,5.856,2.326,6.289,-3.289
,16:45,5.012,1.911,5.381,-1.974
,17:00,5.792,1.816,5.733,-2.072
,17:15,6.496,1.946,6.569,-2.127
,17:30,4.496,2.061,4.89,-2.148
,17:45,4.32,3.832,-0.043,-0.966
,18:00,5.02,5.083,0.002,-0.356
,18:15,5.572,2.928,0.002,3.269
,18:30,7.032,1.606,0.001,4.199
,18:45,5.092,0.928,0.002,6.877
,19:00,5.6,0.247,0.001,5.482
,19:15,8.832,0,0.001,7.727
,19:30,9.18,0,0.001,8.568
,19:45,9.472,0,0.001,9.606
,20:00,7.952,0,0.001,8.879
,20:15,8.208,0,0,8.263
,20:30,8.144,0,0.001,8.436
,20:45,7.968,0,0,8.266
,21:00,8.064,0,0.001,8.193
,21:15,8.176,0,0.001,8.382
,21:30,7.776,0,0,8.203
,21:45,7.584,0,0.001,7.95
,22:00,7.232,0,0.001,7.603
,22:15,6.944,0,0.001,7.295
,22:30,6.736,0,0,7.09
,22:45,6.64,0,0.001,6.894
,23:00,6.256,0,0,6.659
,23:15,6.048,0,0,6.356
,23:30,5.776,0,0.001,6.121
,23:45,5.392,0,0,5.933
,00:00,4.704,0,0,5.194
,,,,,
,,,,,
,00:45,,,,
,01:00,,,,
,01:15,,,,
,01:30,,,,
,01:45,,,,
,02:00,,,,
,02:15,,,,
,02:30,,,,
,02:45,,,,
,03:00,,,,
,03:15,,,,
,03:30,,,,
,03:45,,,,
,04:00,,,,
,04:15,,,,
,04:30,,,,
,04:45,,,,
,05:00,,,,
,05:15,,,,
,05:30,,,,
,05:45,,,,
,06:00,,,,
,06:15,,,,
,06:30,,,,
,06:45,,,,
,07:00,,,,
,07:15,,,,
,07:30,,,,
,07:45,,,,
,08:00,,,,
,08:15,,,,
,08:30,,,,
,08:45,,,,
,09:00,,,,
,09:15,,,,
,09:30,,,,
,09:45,,,,
,10:00,,,,
,10:15,,,,
,10:30,,,,
,10:45,,,,
,11:00,,,,
,11:15,,,,
,11:30,,,,
,11:45,,,,
,12:00,,,,
,12:15,,,,
,12:30,,,,
,12:45,,,,
,13:00,,,,
,13:15,,,,
,13:30,,,,
,13:45,,,,
,14:00,,,,
,14:15,,,,
,14:30,,,,
,14:45,,,,
,15:00,,,,
,15:15,,,,
,15:30,,,,
,15:45,,,,
,16:00,,,,
,16:15,,,,
,16:30,,,,
,16:45,,,,
,17:00,,,,
,17:15,,,,
,17:30,,,,
,17:45,,,,
,18:00,,,,
,18:15,,,,
,18:30,,,,
,18:45,,,,
,19:00,,,,
,19:15,,,,
,19:30,,,,
,19:45,,,,
,20:00,,,,
,20:15,,,,
,20:30,,,,
,20:45,,,,
,21:00,,,,
,21:15,,,,
,21:30,,,,
,21:45,,,,
,22:00,,,,
,22:15,,,,
,22:30,,,,
,22:45,,,,
,23:00,,,,
,23:15,,,,
,23:30,,,,
,23:45,,,,
,00:00,,,,
day 5,00:15,,,,
,00:30,,,,
,00:45,,,,
,01:00,,,,
,01:15,,,,
,01:30,,,,
,01:45,,,,
,02:00,,,,
,02:15,,,,
,02:30,,,,
,02:45,,,,
,03:00,,,,
,03:15,,,,
,03:30,,,,
,03:45,,,,
,04:00,,,,
,04:15,,,,
,04:30,,,,
,04:45,,,,
,05:00,,,,
,05:15,,,,
,05:30,,,,
,05:45,,,,
,06:00,,,,
,06:15,,,,
,06:30,,,,
,06:45,,,,
,07:00,,,,
,07:15,,,,
,07:30,,,,
,07:45,,,,
,08:00,,,,
,08:15,,,,
,08:30,,,,
,08:45,,,,
,09:00,,,,
,09:15,,,,
,09:30,,,,
,09:45,,,,
,10:00,,,,
,10:15,,,,
,10:30,,,,
,10:45,,,,
,11:00,,,,
,11:15,,,,
,11:30,,,,
,11:45,,,,
,12:00,,,,
,12:15,,,,
,12:30,,,,
,12:45,,,,
,13:00,,,,
,13:15,,,,
,13:30,,,,
,13:45,,,,
,14:00,,,,
,14:15,,,,
,14:30,,,,
,14:45,,,,
,15:00,,,,
,15:15,,,,
,15:30,,,,
,15:45,,,,
,16:00,,,,
,16:15,,,,
,16:30,,,,
,16:45,,,,
,17:00,,,,
,17:15,,,,
,17:30,,,,
,17:45,,,,
,18:00,,,,
,18:15,,,,
,18:30,,,,
,18:45,,,,
,19:00,,,,
,19:15,,,,
,19:30,,,,
,19:45,,,,
,20:00,,,,
,20:15,,,,
,20:30,,,,
,20:45,,,,
,21:00,,,,
,21:15,,,,
,21:30,,,,
,21:45,,,,
,22:00,,,,
,22:15,,,,
,22:30,,,,
,22:45,,,,
,23:00,,,,
,23:15,,,,
,23:30,,,,
,23:45,,,,
,00:00,,,,
day 6,00:15,,,,
,00:30,,,,
,00:45,,,,
,01:00,,,,
,01:15,,,,
,01:30,,,,
,01:45,,,,
,02:00,,,,
,02:15,,,,
,02:30,,,,
,02:45,,,,
,03:00,,,,
,03:15,,,,
,03:30,,,,
,03:45,,,,
,04:00,,,,
,04:15,,,,
,04:30,,,,
,04:45,,,,
,05:00,,,,
,05:15,,,,
,05:30,,,,
,05:45,,,,
,06:00,,,,
,06:15,,,,
,06:30,,,,
,06:45,,,,
,07:00,,,,
,07:15,,,,
,07:30,,,,
,07:45,,,,
,08:00,,,,
,08:15,,,,
,08:30,,,,
,08:45,,,,
,09:00,,,,
,09:15,,,,
,09:30,,,,
,09:45,,,,
,10:00,,,,
,10:15,,,,
,10:30,,,,
,10:45,,,,
,11:00,,,,
,11:15,,,,
,11:30,,,,
,11:45,,,,
,12:00,,,,
,12:15,,,,
,12:30,,,,
,12:45,,,,
,13:00,,,,
,13:15,,,,
,13:30,,,,
,13:45,,,,
,14:00,,,,
,14:15,,,,
,14:30,,,,
,14:45,,,,
,15:00,,,,
,15:15,,,,
,15:30,,,,
,15:45,,,,
,16:00,,,,
,16:15,,,,
,16:30,,,,
,16:45,,,,
,17:00,,,,
,17:15,,,,
,17:30,,,,
,17:45,,,,
,18:00,,,,
,18:15,,,,
,18:30,,,,
,18:45,,,,
,19:00,,,,
,19:15,,,,
,19:30,,,,
,19:45,,,,
,20:00,,,,
,20:15,,,,
,20:30,,,,
,20:45,,,,
,21:00,,,,
,21:15,,,,
,21:30,,,,
,21:45,,,,
,22:00,,,,
,22:15,,,,
,22:30,,,,
,22:45,,,,
,23:00,,,,
,23:15,,,,
,23:30,,,,
,23:45,,,,
,00:00,,,,
day 7,00:15,,,,
,00:30,,,,
,00:45,,,,
,01:00,,,,
,01:15,,,,
,01:30,,,,
,01:45,,,,
,02:00,,,,
,02:15,,,,
,02:30,,,,
,02:45,,,,
,03:00,,,,
,03:15,,,,
,03:30,,,,
,03:45,,,,
,04:00,,,,
,04:15,,,,
,04:30,,,,
,04:45,,,,
,05:00,,,,
,05:15,,,,
,05:30,,,,
,05:45,,,,
,06:00,,,,
,06:15,,,,
,06:30,,,,
,06:45,,,,
,07:00,,,,
,07:15,,,,
,07:30,,,,
,07:45,,,,
,08:00,,,,
,08:15,,,,
,08:30,,,,
,08:45,,,,
,09:00,,,,
,09:15,,,,
,09:30,,,,
,09:45,,,,
,10:00,,,,
,10:15,,,,
,10:30,,,,
,10:45,,,,
,11:00,,,,
,11:15,,,,
,11:30,,,,
,11:45,,,,
,12:00,,,,
,12:15,,,,
,12:30,,,,
,12:45,,,,
,13:00,,,,
,13:15,,,,
,13:30,,,,
,13:45,,,,
,14:00,,,,
,14:15,,,,
,14:30,,,,
,14:45,,,,
,15:00,,,,
,15:15,,,,
,15:30,,,,
,15:45,,,,
,16:00,,,,
,16:15,,,,
,16:30,,,,
,16:45,,,,
,17:00,,,,
,17:15,,,,
,17:30,,,,
,17:45,,,,
,18:00,,,,
,18:15,,,,
,18:30,,,,
,18:45,,,,
,19:00,,,,
,19:15,,,,
,19:30,,,,
,19:45,,,,
,20:00,,,,
,20:15,,,,
,20:30,,,,
,20:45,,,,
,21:00,,,,
,21:15,,,,
,21:30,,,,
,21:45,,,,
,22:00,,,,
,22:15,,,,
,22:30,,,,
,22:45,,,,
,23:00,,,,
,23:15,,,,
,23:30,,,,
,23:45,,,,
,00:00,,,,
